,concept,label,standard_concept,2025-10-31,2025-07-31,level,abstract,dimension,is_breakdown,dimension_axis,dimension_member,dimension_member_label,dimension_label,balance,weight,preferred_sign,parent_concept,parent_abstract_concept
0,us-gaap_AssetsAbstract,Assets,,,,1,True,False,False,,,,,,,,,us-gaap_StatementOfFinancialPositionAbstract
1,us-gaap_AssetsCurrentAbstract,Current assets:,,,,2,True,False,False,,,,,,,,,us-gaap_AssetsAbstract
2,us-gaap_CashAndCashEquivalentsAtCarryingValue,Cash and cash equivalents,CashAndMarketableSecurities,1338195000.0,2389023000.0,4,False,False,False,,,,,debit,1.0,1.0,us-gaap_AssetsCurrent,us-gaap_AssetsCurrentAbstract
3,us-gaap_DebtSecuritiesAvailableForSaleExcludingAccruedInterestCurrent,Short-term investments,CashAndMarketableSecurities,1983077000.0,1183386000.0,4,False,False,False,,,,,,1.0,1.0,us-gaap_AssetsCurrent,us-gaap_AssetsCurrentAbstract
4,us-gaap_DebtSecuritiesAvailableForSaleExcludingAccruedInterestCurrent,U.S. treasury securities,,288348000.0,230999000.0,4,False,True,True,us-gaap:FinancialInstrumentAxis,us-gaap_USTreasurySecuritiesMember,U.S. treasury securities,us-gaap:FinancialInstrumentAxis: U.S. treasury securities,,1.0,1.0,us-gaap_AssetsCurrent,us-gaap_AssetsCurrentAbstract
5,us-gaap_DebtSecuritiesAvailableForSaleExcludingAccruedInterestCurrent,U.S. government agency securities,,59834000.0,74992000.0,4,False,True,True,us-gaap:FinancialInstrumentAxis,us-gaap_USGovernmentAgenciesDebtSecuritiesMember,U.S. government agency securities,us-gaap:FinancialInstrumentAxis: U.S. government agency securities,,1.0,1.0,us-gaap_AssetsCurrent,us-gaap_AssetsCurrentAbstract
6,us-gaap_DebtSecuritiesAvailableForSaleExcludingAccruedInterestCurrent,Corporate debt securities,,1634895000.0,877395000.0,4,False,True,True,us-gaap:FinancialInstrumentAxis,us-gaap_CorporateDebtSecuritiesMember,Corporate debt securities,us-gaap:FinancialInstrumentAxis: Corporate debt securities,,1.0,1.0,us-gaap_AssetsCurrent,us-gaap_AssetsCurrentAbstract
7,us-gaap_DebtSecuritiesAvailableForSaleExcludingAccruedInterestCurrent,"Fair Value, Measurements, Recurring - U.S. treasury securities",,288348000.0,230999000.0,4,False,True,True,us-gaap:FairValueByMeasurementFrequencyAxis,us-gaap_FairValueMeasurementsRecurringMember,"Fair Value, Measurements, Recurring","us-gaap:FairValueByMeasurementFrequencyAxis: Fair Value, Measurements, Recurring, us-gaap:FinancialInstrumentAxis: U.S. treasury securities",,1.0,1.0,us-gaap_AssetsCurrent,us-gaap_AssetsCurrentAbstract
8,us-gaap_DebtSecuritiesAvailableForSaleExcludingAccruedInterestCurrent,"Level I - Fair Value, Measurements, Recurring - U.S. treasury securities",,0.0,0.0,4,False,True,True,us-gaap:FairValueByFairValueHierarchyLevelAxis,us-gaap_FairValueInputsLevel1Member,Level I,"us-gaap:FairValueByFairValueHierarchyLevelAxis: Level I, us-gaap:FairValueByMeasurementFrequencyAxis: Fair Value, Measurements, Recurring, us-gaap:FinancialInstrumentAxis: U.S. treasury securities",,1.0,1.0,us-gaap_AssetsCurrent,us-gaap_AssetsCurrentAbstract
9,us-gaap_DebtSecuritiesAvailableForSaleExcludingAccruedInterestCurrent,"Level II - Fair Value, Measurements, Recurring - U.S. treasury securities",,288348000.0,230999000.0,4,False,True,True,us-gaap:FairValueByFairValueHierarchyLevelAxis,us-gaap_FairValueInputsLevel2Member,Level II,"us-gaap:FairValueByFairValueHierarchyLevelAxis: Level II, us-gaap:FairValueByMeasurementFrequencyAxis: Fair Value, Measurements, Recurring, us-gaap:FinancialInstrumentAxis: U.S. treasury securities",,1.0,1.0,us-gaap_AssetsCurrent,us-gaap_AssetsCurrentAbstract
10,us-gaap_DebtSecuritiesAvailableForSaleExcludingAccruedInterestCurrent,"Level III - Fair Value, Measurements, Recurring - U.S. treasury securities",,0.0,0.0,4,False,True,True,us-gaap:FairValueByFairValueHierarchyLevelAxis,us-gaap_FairValueInputsLevel3Member,Level III,"us-gaap:FairValueByFairValueHierarchyLevelAxis: Level III, us-gaap:FairValueByMeasurementFrequencyAxis: Fair Value, Measurements, Recurring, us-gaap:FinancialInstrumentAxis: U.S. treasury securities",,1.0,1.0,us-gaap_AssetsCurrent,us-gaap_AssetsCurrentAbstract
11,us-gaap_DebtSecuritiesAvailableForSaleExcludingAccruedInterestCurrent,"Fair Value, Measurements, Recurring - U.S. government agency securities",,59834000.0,74992000.0,4,False,True,True,us-gaap:FairValueByMeasurementFrequencyAxis,us-gaap_FairValueMeasurementsRecurringMember,"Fair Value, Measurements, Recurring","us-gaap:FairValueByMeasurementFrequencyAxis: Fair Value, Measurements, Recurring, us-gaap:FinancialInstrumentAxis: U.S. government agency securities",,1.0,1.0,us-gaap_AssetsCurrent,us-gaap_AssetsCurrentAbstract
12,us-gaap_DebtSecuritiesAvailableForSaleExcludingAccruedInterestCurrent,"Level I - Fair Value, Measurements, Recurring - U.S. government agency securities",,0.0,0.0,4,False,True,True,us-gaap:FairValueByFairValueHierarchyLevelAxis,us-gaap_FairValueInputsLevel1Member,Level I,"us-gaap:FairValueByFairValueHierarchyLevelAxis: Level I, us-gaap:FairValueByMeasurementFrequencyAxis: Fair Value, Measurements, Recurring, us-gaap:FinancialInstrumentAxis: U.S. government agency securities",,1.0,1.0,us-gaap_AssetsCurrent,us-gaap_AssetsCurrentAbstract
13,us-gaap_DebtSecuritiesAvailableForSaleExcludingAccruedInterestCurrent,"Level II - Fair Value, Measurements, Recurring - U.S. government agency securities",,59834000.0,74992000.0,4,False,True,True,us-gaap:FairValueByFairValueHierarchyLevelAxis,us-gaap_FairValueInputsLevel2Member,Level II,"us-gaap:FairValueByFairValueHierarchyLevelAxis: Level II, us-gaap:FairValueByMeasurementFrequencyAxis: Fair Value, Measurements, Recurring, us-gaap:FinancialInstrumentAxis: U.S. government agency securities",,1.0,1.0,us-gaap_AssetsCurrent,us-gaap_AssetsCurrentAbstract
14,us-gaap_DebtSecuritiesAvailableForSaleExcludingAccruedInterestCurrent,"Level III - Fair Value, Measurements, Recurring - U.S. government agency securities",,0.0,0.0,4,False,True,True,us-gaap:FairValueByFairValueHierarchyLevelAxis,us-gaap_FairValueInputsLevel3Member,Level III,"us-gaap:FairValueByFairValueHierarchyLevelAxis: Level III, us-gaap:FairValueByMeasurementFrequencyAxis: Fair Value, Measurements, Recurring, us-gaap:FinancialInstrumentAxis: U.S. government agency securities",,1.0,1.0,us-gaap_AssetsCurrent,us-gaap_AssetsCurrentAbstract
15,us-gaap_DebtSecuritiesAvailableForSaleExcludingAccruedInterestCurrent,"Fair Value, Measurements, Recurring - Corporate debt securities",,1634895000.0,877395000.0,4,False,True,True,us-gaap:FairValueByMeasurementFrequencyAxis,us-gaap_FairValueMeasurementsRecurringMember,"Fair Value, Measurements, Recurring","us-gaap:FairValueByMeasurementFrequencyAxis: Fair Value, Measurements, Recurring, us-gaap:FinancialInstrumentAxis: Corporate debt securities",,1.0,1.0,us-gaap_AssetsCurrent,us-gaap_AssetsCurrentAbstract
16,us-gaap_DebtSecuritiesAvailableForSaleExcludingAccruedInterestCurrent,"Level I - Fair Value, Measurements, Recurring - Corporate debt securities",,0.0,0.0,4,False,True,True,us-gaap:FairValueByFairValueHierarchyLevelAxis,us-gaap_FairValueInputsLevel1Member,Level I,"us-gaap:FairValueByFairValueHierarchyLevelAxis: Level I, us-gaap:FairValueByMeasurementFrequencyAxis: Fair Value, Measurements, Recurring, us-gaap:FinancialInstrumentAxis: Corporate debt securities",,1.0,1.0,us-gaap_AssetsCurrent,us-gaap_AssetsCurrentAbstract
17,us-gaap_DebtSecuritiesAvailableForSaleExcludingAccruedInterestCurrent,"Level II - Fair Value, Measurements, Recurring - Corporate debt securities",,1634895000.0,877395000.0,4,False,True,True,us-gaap:FairValueByFairValueHierarchyLevelAxis,us-gaap_FairValueInputsLevel2Member,Level II,"us-gaap:FairValueByFairValueHierarchyLevelAxis: Level II, us-gaap:FairValueByMeasurementFrequencyAxis: Fair Value, Measurements, Recurring, us-gaap:FinancialInstrumentAxis: Corporate debt securities",,1.0,1.0,us-gaap_AssetsCurrent,us-gaap_AssetsCurrentAbstract
18,us-gaap_DebtSecuritiesAvailableForSaleExcludingAccruedInterestCurrent,"Level III - Fair Value, Measurements, Recurring - Corporate debt securities",,0.0,0.0,4,False,True,True,us-gaap:FairValueByFairValueHierarchyLevelAxis,us-gaap_FairValueInputsLevel3Member,Level III,"us-gaap:FairValueByFairValueHierarchyLevelAxis: Level III, us-gaap:FairValueByMeasurementFrequencyAxis: Fair Value, Measurements, Recurring, us-gaap:FinancialInstrumentAxis: Corporate debt securities",,1.0,1.0,us-gaap_AssetsCurrent,us-gaap_AssetsCurrentAbstract
19,us-gaap_DebtSecuritiesAvailableForSaleExcludingAccruedInterestCurrent,"Fair Value, Measurements, Recurring",,1983077000.0,1183386000.0,4,False,True,True,us-gaap:FairValueByMeasurementFrequencyAxis,us-gaap_FairValueMeasurementsRecurringMember,"Fair Value, Measurements, Recurring","us-gaap:FairValueByMeasurementFrequencyAxis: Fair Value, Measurements, Recurring",,1.0,1.0,us-gaap_AssetsCurrent,us-gaap_AssetsCurrentAbstract
20,us-gaap_DebtSecuritiesAvailableForSaleExcludingAccruedInterestCurrent,"Level I - Fair Value, Measurements, Recurring",,0.0,0.0,4,False,True,True,us-gaap:FairValueByFairValueHierarchyLevelAxis,us-gaap_FairValueInputsLevel1Member,Level I,"us-gaap:FairValueByFairValueHierarchyLevelAxis: Level I, us-gaap:FairValueByMeasurementFrequencyAxis: Fair Value, Measurements, Recurring",,1.0,1.0,us-gaap_AssetsCurrent,us-gaap_AssetsCurrentAbstract
21,us-gaap_DebtSecuritiesAvailableForSaleExcludingAccruedInterestCurrent,"Level II - Fair Value, Measurements, Recurring",,1983077000.0,1183386000.0,4,False,True,True,us-gaap:FairValueByFairValueHierarchyLevelAxis,us-gaap_FairValueInputsLevel2Member,Level II,"us-gaap:FairValueByFairValueHierarchyLevelAxis: Level II, us-gaap:FairValueByMeasurementFrequencyAxis: Fair Value, Measurements, Recurring",,1.0,1.0,us-gaap_AssetsCurrent,us-gaap_AssetsCurrentAbstract
22,us-gaap_DebtSecuritiesAvailableForSaleExcludingAccruedInterestCurrent,"Level III - Fair Value, Measurements, Recurring",,0.0,0.0,4,False,True,True,us-gaap:FairValueByFairValueHierarchyLevelAxis,us-gaap_FairValueInputsLevel3Member,Level III,"us-gaap:FairValueByFairValueHierarchyLevelAxis: Level III, us-gaap:FairValueByMeasurementFrequencyAxis: Fair Value, Measurements, Recurring",,1.0,1.0,us-gaap_AssetsCurrent,us-gaap_AssetsCurrentAbstract
23,us-gaap_AccountsReceivableNetCurrent,"Accounts receivable, net",TradeReceivables,530487000.0,992181000.0,4,False,False,False,,,,,debit,1.0,1.0,us-gaap_AssetsCurrent,us-gaap_AssetsCurrentAbstract
24,us-gaap_CapitalizedContractCostNetCurrent,Deferred contract acquisition costs,OtherOperatingCurrentAssets,182563000.0,180819000.0,4,False,False,False,,,,,,1.0,1.0,us-gaap_AssetsCurrent,us-gaap_AssetsCurrentAbstract
25,us-gaap_PrepaidExpenseAndOtherAssetsCurrent,Prepaid expenses and other current assets,OtherNonOperatingCurrentAssets,171639000.0,148881000.0,4,False,False,False,,,,,debit,1.0,1.0,us-gaap_AssetsCurrent,us-gaap_AssetsCurrentAbstract
26,us-gaap_AssetsCurrent,Total current assets,CurrentAssetsTotal,4205961000.0,4894290000.0,3,False,False,False,,,,,debit,1.0,1.0,us-gaap_Assets,us-gaap_AssetsCurrentAbstract
27,us-gaap_PropertyPlantAndEquipmentNet,"Property and equipment, net",PlantPropertyEquipmentNet,542255000.0,543377000.0,3,False,False,False,,,,,debit,1.0,1.0,us-gaap_Assets,us-gaap_AssetsAbstract
28,us-gaap_OperatingLeaseRightOfUseAsset,Operating lease right-of-use assets,OperatingLeaseRightOfUseAsset,127457000.0,89772000.0,3,False,False,False,,,,,,1.0,1.0,us-gaap_Assets,us-gaap_AssetsAbstract
29,us-gaap_CapitalizedContractCostNetNoncurrent,"Deferred contract acquisition costs, noncurrent",OtherOperatingNonCurrentAssets,322556000.0,328722000.0,3,False,False,False,,,,,,1.0,1.0,us-gaap_Assets,us-gaap_AssetsAbstract
30,us-gaap_FiniteLivedIntangibleAssetsNet,"Acquired intangible assets, net",IntangibleAssets,215290000.0,47323000.0,3,False,False,False,,,,,,1.0,1.0,us-gaap_Assets,us-gaap_AssetsAbstract
31,us-gaap_FiniteLivedIntangibleAssetsNet,Developed technology,,110600000.0,42192000.0,3,False,True,True,us-gaap:FiniteLivedIntangibleAssetsByMajorClassAxis,us-gaap_DevelopedTechnologyRightsMember,Developed technology,us-gaap:FiniteLivedIntangibleAssetsByMajorClassAxis: Developed technology,,1.0,1.0,us-gaap_Assets,us-gaap_AssetsAbstract
32,us-gaap_FiniteLivedIntangibleAssetsNet,Customer relationships,,94444000.0,5131000.0,3,False,True,True,us-gaap:FiniteLivedIntangibleAssetsByMajorClassAxis,us-gaap_CustomerRelationshipsMember,Customer relationships,us-gaap:FiniteLivedIntangibleAssetsByMajorClassAxis: Customer relationships,,1.0,1.0,us-gaap_Assets,us-gaap_AssetsAbstract
33,us-gaap_FiniteLivedIntangibleAssetsNet,Trademarks,,10246000.0,0.0,3,False,True,True,us-gaap:FiniteLivedIntangibleAssetsByMajorClassAxis,us-gaap_TrademarksMember,Trademarks,us-gaap:FiniteLivedIntangibleAssetsByMajorClassAxis: Trademarks,,1.0,1.0,us-gaap_Assets,us-gaap_AssetsAbstract
34,us-gaap_Goodwill,Goodwill,Goodwill,994463000.0,417730000.0,3,False,False,False,,,,,debit,1.0,1.0,us-gaap_Assets,us-gaap_AssetsAbstract
35,us-gaap_Goodwill,"Red Canary, Inc",,,,3,False,True,True,us-gaap:BusinessAcquisitionAxis,zs_RedCanaryIncMember,"Red Canary, Inc","us-gaap:BusinessAcquisitionAxis: Red Canary, Inc",debit,1.0,1.0,us-gaap_Assets,us-gaap_AssetsAbstract
36,us-gaap_OtherAssetsNoncurrent,Other noncurrent assets,OtherNonOperatingNonCurrentAssets,95105000.0,98674000.0,3,False,False,False,,,,,debit,1.0,1.0,us-gaap_Assets,us-gaap_AssetsAbstract
37,us-gaap_Assets,Total assets,Assets,6503087000.0,6419888000.0,2,False,False,False,,,,,debit,1.0,1.0,,us-gaap_AssetsAbstract
38,us-gaap_LiabilitiesAndStockholdersEquityAbstract,Liabilities and Stockholders’ Equity,,,,1,True,False,False,,,,,,,,,us-gaap_StatementOfFinancialPositionAbstract
39,us-gaap_LiabilitiesCurrentAbstract,Current liabilities:,,,,2,True,False,False,,,,,,,,,us-gaap_LiabilitiesAndStockholdersEquityAbstract
40,us-gaap_AccountsPayableCurrent,Accounts payable,TradePayables,48400000.0,46906000.0,4,False,False,False,,,,,credit,1.0,1.0,us-gaap_LiabilitiesCurrent,us-gaap_LiabilitiesCurrentAbstract
41,zs_AccruedLiabilitiesAndOtherLiabilitiesCurrent,Accrued expenses and other current liabilities,,107510000.0,93984000.0,4,False,False,False,,,,,credit,1.0,1.0,us-gaap_LiabilitiesCurrent,us-gaap_LiabilitiesCurrentAbstract
42,us-gaap_EmployeeRelatedLiabilitiesCurrent,Accrued compensation,AccruedCompensation,135234000.0,181807000.0,4,False,False,False,,,,,,1.0,1.0,us-gaap_LiabilitiesCurrent,us-gaap_LiabilitiesCurrentAbstract
43,us-gaap_ContractWithCustomerLiabilityCurrent,Deferred revenue,OtherOperatingCurrentLiabilities,1946191000.0,2054417000.0,4,False,False,False,,,,,credit,1.0,1.0,us-gaap_LiabilitiesCurrent,us-gaap_LiabilitiesCurrentAbstract
44,us-gaap_OperatingLeaseLiabilityCurrent,Operating lease liabilities,OperatingLeaseCurrentDebtEquivalent,68399000.0,52497000.0,4,False,False,False,,,,,,1.0,1.0,us-gaap_LiabilitiesCurrent,us-gaap_LiabilitiesCurrentAbstract
45,us-gaap_LiabilitiesCurrent,Total current liabilities,CurrentLiabilitiesTotal,2305734000.0,2429611000.0,3,False,False,False,,,,,credit,1.0,1.0,us-gaap_Liabilities,us-gaap_LiabilitiesCurrentAbstract
46,us-gaap_ConvertibleLongTermNotesPayable,Convertible senior notes,LongTermDebt,1699871000.0,1700727000.0,3,False,False,False,,,,,,1.0,1.0,us-gaap_Liabilities,us-gaap_LiabilitiesAndStockholdersEquityAbstract
47,us-gaap_ContractWithCustomerLiabilityNoncurrent,"Deferred revenue, noncurrent",ContractLiabilities,405113000.0,413609000.0,3,False,False,False,,,,,,1.0,1.0,us-gaap_Liabilities,us-gaap_LiabilitiesAndStockholdersEquityAbstract
48,us-gaap_OperatingLeaseLiabilityNoncurrent,"Operating lease liabilities, noncurrent",OperatingLeaseNonCurrentDebtEquivalent,65771000.0,43352000.0,3,False,False,False,,,,,,1.0,1.0,us-gaap_Liabilities,us-gaap_LiabilitiesAndStockholdersEquityAbstract
49,us-gaap_OtherLiabilitiesNoncurrent,Other noncurrent liabilities,OtherNonOperatingNonCurrentLiabilities,44270000.0,33316000.0,3,False,False,False,,,,,credit,1.0,1.0,us-gaap_Liabilities,us-gaap_LiabilitiesAndStockholdersEquityAbstract
50,us-gaap_Liabilities,Total liabilities,Liabilities,4520759000.0,4620615000.0,3,False,False,False,,,,,credit,1.0,1.0,us-gaap_LiabilitiesAndStockholdersEquity,us-gaap_LiabilitiesAndStockholdersEquityAbstract
51,us-gaap_CommitmentsAndContingencies,Commitments and contingencies (Note 11),,,,3,False,False,False,,,,,,1.0,1.0,us-gaap_LiabilitiesAndStockholdersEquity,us-gaap_LiabilitiesAndStockholdersEquityAbstract
52,us-gaap_StockholdersEquityAbstract,Stockholders’ Equity,,,,2,True,False,False,,,,,,,,,us-gaap_LiabilitiesAndStockholdersEquityAbstract
53,us-gaap_PreferredStockValue,"Preferred stock; $0.001 par value; 200,000 shares authorized as of October 31, 2025 and July 31, 2025; no shares issued and outstanding as of October 31, 2025 and July 31, 2025",PreferredStock,0.0,0.0,3,False,False,False,,,,,credit,1.0,1.0,us-gaap_StockholdersEquity,us-gaap_StockholdersEquityAbstract
54,us-gaap_CommonStockValue,"Common stock; $0.001 par value; 1,000,000 shares authorized as of October 31, 2025 and July 31, 2025; 159,468 and 158,301 shares issued and outstanding as of October 31, 2025 and July 31, 2025, respectively",CommonEquity,159000.0,159000.0,3,False,False,False,,,,,credit,1.0,1.0,us-gaap_StockholdersEquity,us-gaap_StockholdersEquityAbstract
55,us-gaap_AdditionalPaidInCapital,Additional paid-in capital,AdditionalPaidInCapital,3175453000.0,2980591000.0,3,False,False,False,,,,,credit,1.0,1.0,us-gaap_StockholdersEquity,us-gaap_StockholdersEquityAbstract
56,us-gaap_AccumulatedOtherComprehensiveIncomeLossNetOfTax,Accumulated other comprehensive income,AccumulatedOtherComprehensiveIncome,7889000.0,8081000.0,3,False,False,False,,,,,credit,1.0,1.0,us-gaap_StockholdersEquity,us-gaap_StockholdersEquityAbstract
57,us-gaap_RetainedEarningsAccumulatedDeficit,Accumulated deficit,RetainedEarnings,-1201173000.0,-1189558000.0,3,False,False,False,,,,,credit,1.0,1.0,us-gaap_StockholdersEquity,us-gaap_StockholdersEquityAbstract
58,us-gaap_StockholdersEquity,Total stockholders’ equity,AllEquityBalance,1982328000.0,1799273000.0,3,False,False,False,,,,,credit,1.0,1.0,us-gaap_LiabilitiesAndStockholdersEquity,us-gaap_StockholdersEquityAbstract
59,us-gaap_StockholdersEquity,Common Stock,,159000.0,159000.0,4,False,True,True,us-gaap:StatementEquityComponentsAxis,us-gaap_CommonStockMember,Common Stock,us-gaap:StatementEquityComponentsAxis: Common Stock,credit,1.0,1.0,us-gaap_LiabilitiesAndStockholdersEquity,us-gaap_StockholdersEquityAbstract
60,us-gaap_StockholdersEquity,Additional Paid-In Capital,,3175453000.0,2980591000.0,4,False,True,True,us-gaap:StatementEquityComponentsAxis,us-gaap_AdditionalPaidInCapitalMember,Additional Paid-In Capital,us-gaap:StatementEquityComponentsAxis: Additional Paid-In Capital,credit,1.0,1.0,us-gaap_LiabilitiesAndStockholdersEquity,us-gaap_StockholdersEquityAbstract
61,us-gaap_StockholdersEquity,Accumulated Other Comprehensive Income,,7889000.0,8081000.0,4,False,True,True,us-gaap:StatementEquityComponentsAxis,us-gaap_AccumulatedOtherComprehensiveIncomeMember,Accumulated Other Comprehensive Income,us-gaap:StatementEquityComponentsAxis: Accumulated Other Comprehensive Income,credit,1.0,1.0,us-gaap_LiabilitiesAndStockholdersEquity,us-gaap_StockholdersEquityAbstract
62,us-gaap_StockholdersEquity,Accumulated Deficit,,-1201173000.0,-1189558000.0,4,False,True,True,us-gaap:StatementEquityComponentsAxis,us-gaap_RetainedEarningsMember,Accumulated Deficit,us-gaap:StatementEquityComponentsAxis: Accumulated Deficit,credit,1.0,1.0,us-gaap_LiabilitiesAndStockholdersEquity,us-gaap_StockholdersEquityAbstract
63,us-gaap_StockholdersEquity,"Accumulated Gain (Loss), Net, Cash Flow Hedge, Parent",,3808000.0,7338000.0,4,False,True,True,us-gaap:StatementEquityComponentsAxis,us-gaap_AccumulatedGainLossNetCashFlowHedgeParentMember,"Accumulated Gain (Loss), Net, Cash Flow Hedge, Parent","us-gaap:StatementEquityComponentsAxis: Accumulated Gain (Loss), Net, Cash Flow Hedge, Parent",credit,1.0,1.0,us-gaap_LiabilitiesAndStockholdersEquity,us-gaap_StockholdersEquityAbstract
64,us-gaap_LiabilitiesAndStockholdersEquity,Total liabilities and stockholders’ equity,LiabilitiesAndEquity,6503087000.0,6419888000.0,2,False,False,False,,,,,credit,1.0,1.0,,us-gaap_LiabilitiesAndStockholdersEquityAbstract
