,concept,label,standard_concept,2022-12-31,2021-12-31,level,abstract,dimension,is_breakdown,dimension_axis,dimension_member,dimension_member_label,dimension_label,balance,weight,preferred_sign,parent_concept,parent_abstract_concept
0,us-gaap_AssetsAbstract,Assets,,,,1,True,False,False,,,,,,,,,us-gaap_StatementOfFinancialPositionAbstract
1,us-gaap_AssetsCurrentAbstract,Current assets:,,,,2,True,False,False,,,,,,,,,us-gaap_AssetsAbstract
2,us-gaap_CashAndCashEquivalentsAtCarryingValue,Cash and cash equivalents,CashAndMarketableSecurities,1910000000.0,2585000000.0,3,False,False,False,,,,,debit,1.0,1.0,us-gaap_AssetsCurrent,us-gaap_AssetsCurrentAbstract
3,us-gaap_CashAndCashEquivalentsAtCarryingValue,Cash in bank accounts,,1160000000.0,1103000000.0,4,False,True,False,us-gaap:RestrictedCashAndCashEquivalentsCashAndCashEquivalentsAxis,us-gaap_CashMember,Cash in bank accounts,us-gaap:RestrictedCashAndCashEquivalentsCashAndCashEquivalentsAxis: Cash in bank accounts,debit,1.0,1.0,us-gaap_AssetsCurrent,us-gaap_AssetsCurrentAbstract
4,us-gaap_CashAndCashEquivalentsAtCarryingValue,Money market,,599000000.0,1079000000.0,4,False,True,False,us-gaap:RestrictedCashAndCashEquivalentsCashAndCashEquivalentsAxis,us-gaap_MoneyMarketFundsMember,Money market,us-gaap:RestrictedCashAndCashEquivalentsCashAndCashEquivalentsAxis: Money market,debit,1.0,1.0,us-gaap_AssetsCurrent,us-gaap_AssetsCurrentAbstract
5,us-gaap_CashAndCashEquivalentsAtCarryingValue,Time Deposits,,130000000.0,387000000.0,4,False,True,False,us-gaap:RestrictedCashAndCashEquivalentsCashAndCashEquivalentsAxis,us-gaap_BankTimeDepositsMember,Time Deposits,us-gaap:RestrictedCashAndCashEquivalentsCashAndCashEquivalentsAxis: Time Deposits,debit,1.0,1.0,us-gaap_AssetsCurrent,us-gaap_AssetsCurrentAbstract
6,us-gaap_CashAndCashEquivalentsAtCarryingValue,U.S. government debt securities,,21000000.0,0.0,4,False,True,False,us-gaap:RestrictedCashAndCashEquivalentsCashAndCashEquivalentsAxis,us-gaap_USGovernmentAgenciesDebtSecuritiesMember,U.S. government debt securities,us-gaap:RestrictedCashAndCashEquivalentsCashAndCashEquivalentsAxis: U.S. government debt securities,debit,1.0,1.0,us-gaap_AssetsCurrent,us-gaap_AssetsCurrentAbstract
7,us-gaap_CashAndCashEquivalentsAtCarryingValue,Foreign government debt securities,,0.0,16000000.0,4,False,True,False,us-gaap:RestrictedCashAndCashEquivalentsCashAndCashEquivalentsAxis,us-gaap_ForeignGovernmentDebtMember,Foreign government debt securities,us-gaap:RestrictedCashAndCashEquivalentsCashAndCashEquivalentsAxis: Foreign government debt securities,debit,1.0,1.0,us-gaap_AssetsCurrent,us-gaap_AssetsCurrentAbstract
8,us-gaap_RestrictedCashAndCashEquivalentsAtCarryingValue,Restricted cash and cash equivalents,RestrictedCashCurrent,1453000000.0,1063000000.0,3,False,False,False,,,,,,1.0,1.0,us-gaap_AssetsCurrent,us-gaap_AssetsCurrentAbstract
9,us-gaap_RestrictedCashAndCashEquivalentsAtCarryingValue,Securitization transactions,,459000000.0,282000000.0,4,False,True,False,us-gaap:RestrictedCashAndCashEquivalentsCashAndCashEquivalentsAxis,meli_SecuritizationTransactionsMember,Securitization transactions,us-gaap:RestrictedCashAndCashEquivalentsCashAndCashEquivalentsAxis: Securitization transactions,,1.0,1.0,us-gaap_AssetsCurrent,us-gaap_AssetsCurrentAbstract
10,us-gaap_RestrictedCashAndCashEquivalentsAtCarryingValue,Foreign government debt securities (Central Bank of Brazil mandatory guarantee),,158000000.0,296000000.0,4,False,True,False,us-gaap:RestrictedCashAndCashEquivalentsCashAndCashEquivalentsAxis,meli_SovereignDebtSecuritiesSecuredLinesOfCreditGuaranteeMember,Foreign government debt securities (Central Bank of Brazil mandatory guarantee),us-gaap:RestrictedCashAndCashEquivalentsCashAndCashEquivalentsAxis: Foreign government debt securities (Central Bank of Brazil mandatory guarantee),,1.0,1.0,us-gaap_AssetsCurrent,us-gaap_AssetsCurrentAbstract
11,us-gaap_RestrictedCashAndCashEquivalentsAtCarryingValue,Argentina - Cash in bank accounts,,496000000.0,449000000.0,4,False,True,True,srt:StatementGeographicalAxis,country_AR,Argentina,"srt:StatementGeographicalAxis: Argentina, us-gaap:RestrictedCashAndCashEquivalentsCashAndCashEquivalentsAxis: Cash in bank accounts",,1.0,1.0,us-gaap_AssetsCurrent,us-gaap_AssetsCurrentAbstract
12,us-gaap_RestrictedCashAndCashEquivalentsAtCarryingValue,Mexico - Cash in bank accounts,,9000000.0,0.0,4,False,True,True,srt:StatementGeographicalAxis,country_MX,Mexico,"srt:StatementGeographicalAxis: Mexico, us-gaap:RestrictedCashAndCashEquivalentsCashAndCashEquivalentsAxis: Cash in bank accounts",,1.0,1.0,us-gaap_AssetsCurrent,us-gaap_AssetsCurrentAbstract
13,us-gaap_RestrictedCashAndCashEquivalentsAtCarryingValue,Mexico - Time Deposits,,239000000.0,0.0,4,False,True,True,srt:StatementGeographicalAxis,country_MX,Mexico,"srt:StatementGeographicalAxis: Mexico, us-gaap:RestrictedCashAndCashEquivalentsCashAndCashEquivalentsAxis: Time Deposits",,1.0,1.0,us-gaap_AssetsCurrent,us-gaap_AssetsCurrentAbstract
14,us-gaap_RestrictedCashAndCashEquivalentsAtCarryingValue,Chile - Cash in bank accounts,,4000000.0,21000000.0,4,False,True,True,srt:StatementGeographicalAxis,country_CL,Chile,"srt:StatementGeographicalAxis: Chile, us-gaap:RestrictedCashAndCashEquivalentsCashAndCashEquivalentsAxis: Cash in bank accounts",,1.0,1.0,us-gaap_AssetsCurrent,us-gaap_AssetsCurrentAbstract
15,us-gaap_RestrictedCashAndCashEquivalentsAtCarryingValue,Chile - Time Deposits,,49000000.0,0.0,4,False,True,True,srt:StatementGeographicalAxis,country_CL,Chile,"srt:StatementGeographicalAxis: Chile, us-gaap:RestrictedCashAndCashEquivalentsCashAndCashEquivalentsAxis: Time Deposits",,1.0,1.0,us-gaap_AssetsCurrent,us-gaap_AssetsCurrentAbstract
16,us-gaap_RestrictedCashAndCashEquivalentsAtCarryingValue,Money market,,33000000.0,15000000.0,4,False,True,False,us-gaap:RestrictedCashAndCashEquivalentsCashAndCashEquivalentsAxis,us-gaap_MoneyMarketFundsMember,Money market,us-gaap:RestrictedCashAndCashEquivalentsCashAndCashEquivalentsAxis: Money market,,1.0,1.0,us-gaap_AssetsCurrent,us-gaap_AssetsCurrentAbstract
17,us-gaap_RestrictedCashAndCashEquivalentsAtCarryingValue,Columbia - Cash in bank accounts,,1000000.0,0.0,4,False,True,True,srt:StatementGeographicalAxis,meli_ColumbiaMember,Columbia,"srt:StatementGeographicalAxis: Columbia, us-gaap:RestrictedCashAndCashEquivalentsCashAndCashEquivalentsAxis: Cash in bank accounts",,1.0,1.0,us-gaap_AssetsCurrent,us-gaap_AssetsCurrentAbstract
18,us-gaap_RestrictedCashAndCashEquivalentsAtCarryingValue,Columbia - Money market,,5000000.0,0.0,4,False,True,True,srt:StatementGeographicalAxis,meli_ColumbiaMember,Columbia,"srt:StatementGeographicalAxis: Columbia, us-gaap:RestrictedCashAndCashEquivalentsCashAndCashEquivalentsAxis: Money market",,1.0,1.0,us-gaap_AssetsCurrent,us-gaap_AssetsCurrentAbstract
19,us-gaap_RestrictedCashAndCashEquivalentsAtCarryingValue,Trust Created In Brazil,,459000000.0,282000000.0,4,False,True,True,dei:LegalEntityAxis,meli_TrustCreatedInBrazilMember,Trust Created In Brazil,dei:LegalEntityAxis: Trust Created In Brazil,,1.0,1.0,us-gaap_AssetsCurrent,us-gaap_AssetsCurrentAbstract
20,us-gaap_ShortTermInvestments,"Short-term investments ($1,219 and $602 held in guarantee - Note 5)",ShortTermInvestments,2339000000.0,810000000.0,3,False,False,False,,,,,debit,1.0,1.0,us-gaap_AssetsCurrent,us-gaap_AssetsCurrentAbstract
21,us-gaap_ShortTermInvestments,U.S. government debt securities,,558000000.0,150000000.0,4,False,True,False,us-gaap:InvestmentTypeAxis,us-gaap_USGovernmentAgenciesDebtSecuritiesMember,U.S. government debt securities,us-gaap:InvestmentTypeAxis: U.S. government debt securities,debit,1.0,1.0,us-gaap_AssetsCurrent,us-gaap_AssetsCurrentAbstract
22,us-gaap_ShortTermInvestments,Time deposits and money market,,1219000000.0,602000000.0,4,False,True,False,us-gaap:InvestmentTypeAxis,meli_CentralBankOfBrazilMandatoryGuaranteeMember,Time deposits and money market,us-gaap:InvestmentTypeAxis: Time deposits and money market,debit,1.0,1.0,us-gaap_AssetsCurrent,us-gaap_AssetsCurrentAbstract
23,us-gaap_ShortTermInvestments,Foreign government debt securities,,123000000.0,42000000.0,4,False,True,False,us-gaap:InvestmentTypeAxis,us-gaap_ForeignGovernmentDebtMember,Foreign government debt securities,us-gaap:InvestmentTypeAxis: Foreign government debt securities,debit,1.0,1.0,us-gaap_AssetsCurrent,us-gaap_AssetsCurrentAbstract
24,us-gaap_ShortTermInvestments,Time Deposits,,439000000.0,16000000.0,4,False,True,False,us-gaap:InvestmentTypeAxis,us-gaap_BankTimeDepositsMember,Time Deposits,us-gaap:InvestmentTypeAxis: Time Deposits,debit,1.0,1.0,us-gaap_AssetsCurrent,us-gaap_AssetsCurrentAbstract
25,us-gaap_AccountsReceivableNetCurrent,"Accounts receivable, net",TradeReceivables,130000000.0,98000000.0,3,False,False,False,,,,,debit,1.0,1.0,us-gaap_AssetsCurrent,us-gaap_AssetsCurrentAbstract
26,us-gaap_ReceivablesFromCustomers,"Credit card receivables and other means of payments, net",TradeReceivables,2946000000.0,1839000000.0,3,False,False,False,,,,,,1.0,1.0,us-gaap_AssetsCurrent,us-gaap_AssetsCurrentAbstract
27,us-gaap_ReceivablesFromCustomers,Trust Created In Brazil,,317000000.0,278000000.0,4,False,True,True,dei:LegalEntityAxis,meli_TrustCreatedInBrazilMember,Trust Created In Brazil,dei:LegalEntityAxis: Trust Created In Brazil,,1.0,1.0,us-gaap_AssetsCurrent,us-gaap_AssetsCurrentAbstract
28,us-gaap_NotesAndLoansReceivableNetCurrent,"Loans receivable, net of allowances of $1,074 and $408 (Note 7)",TradeReceivables,1704000000.0,1199000000.0,3,False,False,False,,,,,,1.0,1.0,us-gaap_AssetsCurrent,us-gaap_AssetsCurrentAbstract
29,us-gaap_NotesAndLoansReceivableNetCurrent,Trust Created In Brazil,,799000000.0,608000000.0,4,False,True,True,dei:LegalEntityAxis,meli_TrustCreatedInBrazilMember,Trust Created In Brazil,dei:LegalEntityAxis: Trust Created In Brazil,,1.0,1.0,us-gaap_AssetsCurrent,us-gaap_AssetsCurrentAbstract
30,us-gaap_PrepaidExpenseCurrent,Prepaid expenses,PrepaidExpenses,38000000.0,40000000.0,3,False,False,False,,,,,,1.0,1.0,us-gaap_AssetsCurrent,us-gaap_AssetsCurrentAbstract
31,us-gaap_InventoryNet,Inventories,Inventories,152000000.0,253000000.0,3,False,False,False,,,,,debit,1.0,1.0,us-gaap_AssetsCurrent,us-gaap_AssetsCurrentAbstract
32,meli_CustomerCryptoAssetsSafeguardingAssets,Customer crypto-assets safeguarding assets (Note 2),,15000000.0,0.0,3,False,False,False,,,,,debit,1.0,1.0,us-gaap_AssetsCurrent,us-gaap_AssetsCurrentAbstract
33,meli_CustomerCryptoAssetsSafeguardingAssets,Bitcoin,,6000000.0,,4,False,True,True,us-gaap:IndefiniteLivedIntangibleAssetsByMajorClassAxis,meli_BitcoinMember,Bitcoin,us-gaap:IndefiniteLivedIntangibleAssetsByMajorClassAxis: Bitcoin,debit,1.0,1.0,us-gaap_AssetsCurrent,us-gaap_AssetsCurrentAbstract
34,meli_CustomerCryptoAssetsSafeguardingAssets,Ether,,5000000.0,,4,False,True,True,us-gaap:IndefiniteLivedIntangibleAssetsByMajorClassAxis,meli_EtherMember,Ether,us-gaap:IndefiniteLivedIntangibleAssetsByMajorClassAxis: Ether,debit,1.0,1.0,us-gaap_AssetsCurrent,us-gaap_AssetsCurrentAbstract
35,meli_CustomerCryptoAssetsSafeguardingAssets,Other Crypto Assets,,4000000.0,,4,False,True,True,us-gaap:IndefiniteLivedIntangibleAssetsByMajorClassAxis,meli_OtherCryptoAssetsMember,Other Crypto Assets,us-gaap:IndefiniteLivedIntangibleAssetsByMajorClassAxis: Other Crypto Assets,debit,1.0,1.0,us-gaap_AssetsCurrent,us-gaap_AssetsCurrentAbstract
36,us-gaap_OtherAssetsCurrent,Other assets,OtherNonOperatingCurrentAssets,266000000.0,288000000.0,3,False,False,False,,,,,debit,1.0,1.0,us-gaap_AssetsCurrent,us-gaap_AssetsCurrentAbstract
37,us-gaap_OtherAssetsCurrent,VAT credits,,17000000.0,26000000.0,4,False,True,False,us-gaap:BalanceSheetLocationAxis,meli_ValueAddedTaxCreditsMember,VAT credits,us-gaap:BalanceSheetLocationAxis: VAT credits,debit,1.0,1.0,us-gaap_AssetsCurrent,us-gaap_AssetsCurrentAbstract
38,us-gaap_OtherAssetsCurrent,Income tax credits,,65000000.0,91000000.0,4,False,True,False,us-gaap:BalanceSheetLocationAxis,meli_IncomeTaxCreditsMember,Income tax credits,us-gaap:BalanceSheetLocationAxis: Income tax credits,debit,1.0,1.0,us-gaap_AssetsCurrent,us-gaap_AssetsCurrentAbstract
39,us-gaap_OtherAssetsCurrent,Sales tax credits,,30000000.0,36000000.0,4,False,True,False,us-gaap:BalanceSheetLocationAxis,meli_SalesTaxMember,Sales tax credits,us-gaap:BalanceSheetLocationAxis: Sales tax credits,debit,1.0,1.0,us-gaap_AssetsCurrent,us-gaap_AssetsCurrentAbstract
40,us-gaap_OtherAssetsCurrent,Advance to ATM providers,,38000000.0,46000000.0,4,False,True,False,us-gaap:BalanceSheetLocationAxis,meli_AdvancesToAtmProvidersMember,Advance to ATM providers,us-gaap:BalanceSheetLocationAxis: Advance to ATM providers,debit,1.0,1.0,us-gaap_AssetsCurrent,us-gaap_AssetsCurrentAbstract
41,us-gaap_OtherAssetsCurrent,Advance to suppliers,,17000000.0,8000000.0,4,False,True,False,us-gaap:BalanceSheetLocationAxis,meli_AdvanceToSuppliersMember,Advance to suppliers,us-gaap:BalanceSheetLocationAxis: Advance to suppliers,debit,1.0,1.0,us-gaap_AssetsCurrent,us-gaap_AssetsCurrentAbstract
42,us-gaap_OtherAssetsCurrent,Derivative Instruments,,1000000.0,10000000.0,4,False,True,False,us-gaap:BalanceSheetLocationAxis,us-gaap_DerivativeFinancialInstrumentsAssetsMember,Derivative Instruments,us-gaap:BalanceSheetLocationAxis: Derivative Instruments,debit,1.0,1.0,us-gaap_AssetsCurrent,us-gaap_AssetsCurrentAbstract
43,us-gaap_OtherAssetsCurrent,Tax credit from promotional regime in Argentina,,15000000.0,13000000.0,4,False,True,False,us-gaap:BalanceSheetLocationAxis,meli_TaxCreditFromPromotionalRegimeInArgentinaMember,Tax credit from promotional regime in Argentina,us-gaap:BalanceSheetLocationAxis: Tax credit from promotional regime in Argentina,debit,1.0,1.0,us-gaap_AssetsCurrent,us-gaap_AssetsCurrentAbstract
44,us-gaap_OtherAssetsCurrent,Incentives to be collected,,59000000.0,28000000.0,4,False,True,False,us-gaap:BalanceSheetLocationAxis,meli_IncentivesToBeCollectedMember,Incentives to be collected,us-gaap:BalanceSheetLocationAxis: Incentives to be collected,debit,1.0,1.0,us-gaap_AssetsCurrent,us-gaap_AssetsCurrentAbstract
45,us-gaap_OtherAssetsCurrent,Receivables with suppliers,,9000000.0,8000000.0,4,False,True,False,us-gaap:BalanceSheetLocationAxis,meli_ReceivablesWithSuppliersMember,Receivables with suppliers,us-gaap:BalanceSheetLocationAxis: Receivables with suppliers,debit,1.0,1.0,us-gaap_AssetsCurrent,us-gaap_AssetsCurrentAbstract
46,us-gaap_OtherAssetsCurrent,Other,,15000000.0,22000000.0,4,False,True,False,us-gaap:BalanceSheetLocationAxis,meli_OtherAssetCurrentMember,Other,us-gaap:BalanceSheetLocationAxis: Other,debit,1.0,1.0,us-gaap_AssetsCurrent,us-gaap_AssetsCurrentAbstract
47,us-gaap_AssetsCurrent,Total current assets,CurrentAssetsTotal,10953000000.0,8175000000.0,4,False,False,False,,,,,debit,1.0,1.0,us-gaap_Assets,us-gaap_AssetsCurrentAbstract
48,us-gaap_AssetsCurrent,Trust Created In Brazil,,1575000000.0,1168000000.0,4,False,True,True,dei:LegalEntityAxis,meli_TrustCreatedInBrazilMember,Trust Created In Brazil,dei:LegalEntityAxis: Trust Created In Brazil,debit,1.0,1.0,us-gaap_Assets,us-gaap_AssetsCurrentAbstract
49,us-gaap_AssetsNoncurrentAbstract,Non-current assets:,,,,2,True,False,False,,,,,,,,,us-gaap_AssetsAbstract
50,us-gaap_LongTermInvestments,Long-term investments,LongtermInvestments,322000000.0,89000000.0,3,False,False,False,,,,,debit,1.0,1.0,us-gaap_AssetsNoncurrent,us-gaap_AssetsNoncurrentAbstract
51,us-gaap_LongTermInvestments,U.S. government debt securities,,175000000.0,0.0,4,False,True,False,us-gaap:InvestmentTypeAxis,us-gaap_USGovernmentAgenciesDebtSecuritiesMember,U.S. government debt securities,us-gaap:InvestmentTypeAxis: U.S. government debt securities,debit,1.0,1.0,us-gaap_AssetsNoncurrent,us-gaap_AssetsNoncurrentAbstract
52,us-gaap_LongTermInvestments,Foreign government debt securities,,70000000.0,23000000.0,4,False,True,False,us-gaap:InvestmentTypeAxis,us-gaap_ForeignGovernmentDebtMember,Foreign government debt securities,us-gaap:InvestmentTypeAxis: Foreign government debt securities,debit,1.0,1.0,us-gaap_AssetsNoncurrent,us-gaap_AssetsNoncurrentAbstract
53,us-gaap_LongTermInvestments,Equity securities held at cost,,56000000.0,53000000.0,4,False,True,False,us-gaap:InvestmentTypeAxis,meli_EquityInterestHeldAtCostMember,Equity securities held at cost,us-gaap:InvestmentTypeAxis: Equity securities held at cost,debit,1.0,1.0,us-gaap_AssetsNoncurrent,us-gaap_AssetsNoncurrentAbstract
54,us-gaap_LongTermInvestments,Securitization transactions,,21000000.0,13000000.0,4,False,True,False,us-gaap:InvestmentTypeAxis,meli_SecuritizationTransactionsMember,Securitization transactions,us-gaap:InvestmentTypeAxis: Securitization transactions,debit,1.0,1.0,us-gaap_AssetsNoncurrent,us-gaap_AssetsNoncurrentAbstract
55,us-gaap_LongTermInvestments,Trust Created In Brazil,,21000000.0,13000000.0,4,False,True,True,dei:LegalEntityAxis,meli_TrustCreatedInBrazilMember,Trust Created In Brazil,dei:LegalEntityAxis: Trust Created In Brazil,debit,1.0,1.0,us-gaap_AssetsNoncurrent,us-gaap_AssetsNoncurrentAbstract
56,us-gaap_NotesAndLoansReceivableNetNoncurrent,"Loans receivable, net of allowances of $30 and $27 (Note 7)",NotesReceivableNonCurrent,32000000.0,61000000.0,3,False,False,False,,,,,,1.0,1.0,us-gaap_AssetsNoncurrent,us-gaap_AssetsNoncurrentAbstract
57,us-gaap_NotesAndLoansReceivableNetNoncurrent,Trust Created In Brazil,,24000000.0,45000000.0,4,False,True,True,dei:LegalEntityAxis,meli_TrustCreatedInBrazilMember,Trust Created In Brazil,dei:LegalEntityAxis: Trust Created In Brazil,,1.0,1.0,us-gaap_AssetsNoncurrent,us-gaap_AssetsNoncurrentAbstract
58,us-gaap_PropertyPlantAndEquipmentNet,"Property and equipment, net",PlantPropertyEquipmentNet,993000000.0,807000000.0,3,False,False,False,,,,,debit,1.0,1.0,us-gaap_AssetsNoncurrent,us-gaap_AssetsNoncurrentAbstract
59,us-gaap_OperatingLeaseRightOfUseAsset,Operating lease right-of-use assets,OperatingLeaseRightOfUseAsset,656000000.0,461000000.0,3,False,False,False,,,,,,1.0,1.0,us-gaap_AssetsNoncurrent,us-gaap_AssetsNoncurrentAbstract
60,us-gaap_OperatingLeaseRightOfUseAsset,Argentina,,53000000.0,,4,False,True,True,us-gaap:StatementBusinessSegmentsAxis,meli_ArgentinaSegmentMember,Argentina,us-gaap:StatementBusinessSegmentsAxis: Argentina,,1.0,1.0,us-gaap_AssetsNoncurrent,us-gaap_AssetsNoncurrentAbstract
61,us-gaap_OperatingLeaseRightOfUseAsset,Brazil,,286000000.0,,4,False,True,True,us-gaap:StatementBusinessSegmentsAxis,meli_BrazilSegmentMember,Brazil,us-gaap:StatementBusinessSegmentsAxis: Brazil,,1.0,1.0,us-gaap_AssetsNoncurrent,us-gaap_AssetsNoncurrentAbstract
62,us-gaap_OperatingLeaseRightOfUseAsset,Mexico,,245000000.0,,4,False,True,True,us-gaap:StatementBusinessSegmentsAxis,meli_MexicoSegmentMember,Mexico,us-gaap:StatementBusinessSegmentsAxis: Mexico,,1.0,1.0,us-gaap_AssetsNoncurrent,us-gaap_AssetsNoncurrentAbstract
63,us-gaap_OperatingLeaseRightOfUseAsset,Other Countries,,72000000.0,,4,False,True,True,us-gaap:StatementBusinessSegmentsAxis,meli_OtherCountriesMember,Other Countries,us-gaap:StatementBusinessSegmentsAxis: Other Countries,,1.0,1.0,us-gaap_AssetsNoncurrent,us-gaap_AssetsNoncurrentAbstract
64,us-gaap_Goodwill,Goodwill,Goodwill,153000000.0,148000000.0,3,False,False,False,,,,,debit,1.0,1.0,us-gaap_AssetsNoncurrent,us-gaap_AssetsNoncurrentAbstract
65,us-gaap_Goodwill,Redelcom S.A.,,,,4,False,True,True,us-gaap:BusinessAcquisitionAxis,meli_RedelcomS.a.Member,Redelcom S.A.,us-gaap:BusinessAcquisitionAxis: Redelcom S.A.,debit,1.0,1.0,us-gaap_AssetsNoncurrent,us-gaap_AssetsNoncurrentAbstract
66,us-gaap_Goodwill,Kangu Participações S.A,,,,4,False,True,True,us-gaap:BusinessAcquisitionAxis,meli_KanguParticipaesS.aMember,Kangu Participações S.A,us-gaap:BusinessAcquisitionAxis: Kangu Participações S.A,debit,1.0,1.0,us-gaap_AssetsNoncurrent,us-gaap_AssetsNoncurrentAbstract
67,us-gaap_Goodwill,Brazil,,60000000.0,56000000.0,4,False,True,True,srt:StatementGeographicalAxis,country_BR,Brazil,srt:StatementGeographicalAxis: Brazil,debit,1.0,1.0,us-gaap_AssetsNoncurrent,us-gaap_AssetsNoncurrentAbstract
68,us-gaap_Goodwill,Argentina,,10000000.0,10000000.0,4,False,True,True,srt:StatementGeographicalAxis,country_AR,Argentina,srt:StatementGeographicalAxis: Argentina,debit,1.0,1.0,us-gaap_AssetsNoncurrent,us-gaap_AssetsNoncurrentAbstract
69,us-gaap_Goodwill,Mexico,,39000000.0,37000000.0,4,False,True,True,srt:StatementGeographicalAxis,country_MX,Mexico,srt:StatementGeographicalAxis: Mexico,debit,1.0,1.0,us-gaap_AssetsNoncurrent,us-gaap_AssetsNoncurrentAbstract
70,us-gaap_Goodwill,Chile,,37000000.0,37000000.0,4,False,True,True,srt:StatementGeographicalAxis,country_CL,Chile,srt:StatementGeographicalAxis: Chile,debit,1.0,1.0,us-gaap_AssetsNoncurrent,us-gaap_AssetsNoncurrentAbstract
71,us-gaap_Goodwill,Colombia,,5000000.0,6000000.0,4,False,True,True,srt:StatementGeographicalAxis,country_CO,Colombia,srt:StatementGeographicalAxis: Colombia,debit,1.0,1.0,us-gaap_AssetsNoncurrent,us-gaap_AssetsNoncurrentAbstract
72,us-gaap_Goodwill,Other Countries,,2000000.0,2000000.0,4,False,True,True,srt:StatementGeographicalAxis,meli_OtherCountriesMember,Other Countries,srt:StatementGeographicalAxis: Other Countries,debit,1.0,1.0,us-gaap_AssetsNoncurrent,us-gaap_AssetsNoncurrentAbstract
73,us-gaap_IntangibleAssetsNetExcludingGoodwill,"Intangible assets, net",IntangibleAssets,25000000.0,45000000.0,3,False,False,False,,,,,debit,1.0,1.0,us-gaap_AssetsNoncurrent,us-gaap_AssetsNoncurrentAbstract
74,us-gaap_DeferredIncomeTaxAssetsNet,Deferred tax assets,DeferredTaxNoncurrentAssets,346000000.0,181000000.0,3,False,False,False,,,,,,1.0,1.0,us-gaap_AssetsNoncurrent,us-gaap_AssetsNoncurrentAbstract
75,us-gaap_OtherAssetsNoncurrent,Other assets,OtherNonOperatingNonCurrentAssets,256000000.0,134000000.0,3,False,False,False,,,,,debit,1.0,1.0,us-gaap_AssetsNoncurrent,us-gaap_AssetsNoncurrentAbstract
76,us-gaap_OtherAssetsNoncurrent,Judicial deposits,,205000000.0,113000000.0,4,False,True,False,us-gaap:BalanceSheetLocationAxis,meli_DepositInCourtMember,Judicial deposits,us-gaap:BalanceSheetLocationAxis: Judicial deposits,debit,1.0,1.0,us-gaap_AssetsNoncurrent,us-gaap_AssetsNoncurrentAbstract
77,us-gaap_OtherAssetsNoncurrent,VAT credits,,12000000.0,0.0,4,False,True,False,us-gaap:BalanceSheetLocationAxis,meli_ValueAddedTaxCreditsMember,VAT credits,us-gaap:BalanceSheetLocationAxis: VAT credits,debit,1.0,1.0,us-gaap_AssetsNoncurrent,us-gaap_AssetsNoncurrentAbstract
78,us-gaap_OtherAssetsNoncurrent,Income tax credits,,22000000.0,0.0,4,False,True,False,us-gaap:BalanceSheetLocationAxis,meli_IncomeTaxCreditsMember,Income tax credits,us-gaap:BalanceSheetLocationAxis: Income tax credits,debit,1.0,1.0,us-gaap_AssetsNoncurrent,us-gaap_AssetsNoncurrentAbstract
79,us-gaap_OtherAssetsNoncurrent,Derivative Instruments,,0.0,7000000.0,4,False,True,False,us-gaap:BalanceSheetLocationAxis,us-gaap_DerivativeFinancialInstrumentsAssetsMember,Derivative Instruments,us-gaap:BalanceSheetLocationAxis: Derivative Instruments,debit,1.0,1.0,us-gaap_AssetsNoncurrent,us-gaap_AssetsNoncurrentAbstract
80,us-gaap_OtherAssetsNoncurrent,Other non-current assets,,17000000.0,14000000.0,4,False,True,False,us-gaap:BalanceSheetLocationAxis,us-gaap_OtherNoncurrentAssetsMember,Other non-current assets,us-gaap:BalanceSheetLocationAxis: Other non-current assets,debit,1.0,1.0,us-gaap_AssetsNoncurrent,us-gaap_AssetsNoncurrentAbstract
81,us-gaap_AssetsNoncurrent,Total non-current assets,NonCurrentAssetsTotal,2783000000.0,1926000000.0,4,False,False,False,,,,,debit,1.0,1.0,us-gaap_Assets,us-gaap_AssetsNoncurrentAbstract
82,us-gaap_AssetsNoncurrent,Trust Created In Brazil,,45000000.0,58000000.0,4,False,True,True,dei:LegalEntityAxis,meli_TrustCreatedInBrazilMember,Trust Created In Brazil,dei:LegalEntityAxis: Trust Created In Brazil,debit,1.0,1.0,us-gaap_Assets,us-gaap_AssetsNoncurrentAbstract
83,us-gaap_Assets,Total assets,Assets,13736000000.0,10101000000.0,2,False,False,False,,,,,debit,1.0,1.0,,us-gaap_AssetsAbstract
84,us-gaap_Assets,Argentinean Subsidiaries,,3238000000.0,2479000000.0,3,False,True,True,srt:ConsolidatedEntitiesAxis,meli_ArgentineanSubsidiariesMember,Argentinean Subsidiaries,srt:ConsolidatedEntitiesAxis: Argentinean Subsidiaries,debit,1.0,1.0,,us-gaap_AssetsAbstract
85,us-gaap_Assets,Trust Created In Brazil,,1620000000.0,1226000000.0,3,False,True,True,dei:LegalEntityAxis,meli_TrustCreatedInBrazilMember,Trust Created In Brazil,dei:LegalEntityAxis: Trust Created In Brazil,debit,1.0,1.0,,us-gaap_AssetsAbstract
86,us-gaap_LiabilitiesAndStockholdersEquityAbstract,Liabilities and Equity,,,,1,True,False,False,,,,,,,,,us-gaap_StatementOfFinancialPositionAbstract
87,us-gaap_LiabilitiesCurrentAbstract,Current liabilities:,,,,2,True,False,False,,,,,,,,,us-gaap_LiabilitiesAndStockholdersEquityAbstract
88,us-gaap_AccountsPayableAndAccruedLiabilitiesCurrent,Accounts payable and accrued expenses,TradePayables,1393000000.0,1036000000.0,3,False,False,False,,,,,,1.0,1.0,us-gaap_LiabilitiesCurrent,us-gaap_LiabilitiesCurrentAbstract
89,us-gaap_AccountsPayableAndAccruedLiabilitiesCurrent,Trust Created In Brazil,,4000000.0,1000000.0,4,False,True,True,dei:LegalEntityAxis,meli_TrustCreatedInBrazilMember,Trust Created In Brazil,dei:LegalEntityAxis: Trust Created In Brazil,,1.0,1.0,us-gaap_LiabilitiesCurrent,us-gaap_LiabilitiesCurrentAbstract
90,srt_PayablesToCustomers,Funds payable to customers,,3454000000.0,2393000000.0,3,False,False,False,,,,,,1.0,1.0,us-gaap_LiabilitiesCurrent,us-gaap_LiabilitiesCurrentAbstract
91,meli_AmountsPayableDueToCreditAndDebitCardTransactionsCurrent,Amounts payable due to credit and debit card transactions,,483000000.0,337000000.0,3,False,False,False,,,,,credit,1.0,1.0,us-gaap_LiabilitiesCurrent,us-gaap_LiabilitiesCurrentAbstract
92,us-gaap_EmployeeRelatedLiabilitiesCurrent,Salaries and social security payable,AccruedCompensation,401000000.0,313000000.0,3,False,False,False,,,,,,1.0,1.0,us-gaap_LiabilitiesCurrent,us-gaap_LiabilitiesCurrentAbstract
93,us-gaap_TaxesPayableCurrent,Taxes payable,AccruedIncomeTaxes,414000000.0,291000000.0,3,False,False,False,,,,,,1.0,1.0,us-gaap_LiabilitiesCurrent,us-gaap_LiabilitiesCurrentAbstract
94,us-gaap_LoansPayableCurrent,Loans payable and other financial liabilities,ShortTermDebt,2131000000.0,1285000000.0,3,False,False,False,,,,,,1.0,1.0,us-gaap_LiabilitiesCurrent,us-gaap_LiabilitiesCurrentAbstract
95,us-gaap_LoansPayableCurrent,Trust Created In Brazil,,535000000.0,77000000.0,4,False,True,True,dei:LegalEntityAxis,meli_TrustCreatedInBrazilMember,Trust Created In Brazil,dei:LegalEntityAxis: Trust Created In Brazil,,1.0,1.0,us-gaap_LiabilitiesCurrent,us-gaap_LiabilitiesCurrentAbstract
96,us-gaap_OperatingLeaseLiabilityCurrent,Operating lease liabilities,OperatingLeaseCurrentDebtEquivalent,142000000.0,92000000.0,3,False,False,False,,,,,,1.0,1.0,us-gaap_LiabilitiesCurrent,us-gaap_LiabilitiesCurrentAbstract
97,meli_CustomerCryptoAssetsSafeguardingLiabilities,Customer crypto-assets safeguarding liabilities (Note 2),,15000000.0,0.0,3,False,False,False,,,,,credit,1.0,1.0,us-gaap_LiabilitiesCurrent,us-gaap_LiabilitiesCurrentAbstract
98,us-gaap_OtherLiabilitiesCurrent,Other liabilities,OtherNonOperatingCurrentLiabilities,129000000.0,90000000.0,3,False,False,False,,,,,credit,1.0,1.0,us-gaap_LiabilitiesCurrent,us-gaap_LiabilitiesCurrentAbstract
99,us-gaap_OtherLiabilitiesCurrent,Deferred revenue,,44000000.0,34000000.0,4,False,True,False,us-gaap:BalanceSheetLocationAxis,meli_DeferredRevenueMember,Deferred revenue,us-gaap:BalanceSheetLocationAxis: Deferred revenue,credit,1.0,1.0,us-gaap_LiabilitiesCurrent,us-gaap_LiabilitiesCurrentAbstract
100,us-gaap_OtherLiabilitiesCurrent,Contingent considerations and escrows from acquisitions,,11000000.0,6000000.0,4,False,True,False,us-gaap:BalanceSheetLocationAxis,meli_ContingentConsiderationsAndEscrowsFromAcquisitionsMember,Contingent considerations and escrows from acquisitions,us-gaap:BalanceSheetLocationAxis: Contingent considerations and escrows from acquisitions,credit,1.0,1.0,us-gaap_LiabilitiesCurrent,us-gaap_LiabilitiesCurrentAbstract
101,us-gaap_OtherLiabilitiesCurrent,Customer advances,,37000000.0,30000000.0,4,False,True,False,us-gaap:BalanceSheetLocationAxis,meli_CustomerAdvancesMember,Customer advances,us-gaap:BalanceSheetLocationAxis: Customer advances,credit,1.0,1.0,us-gaap_LiabilitiesCurrent,us-gaap_LiabilitiesCurrentAbstract
102,us-gaap_OtherLiabilitiesCurrent,Derivative instruments,,17000000.0,6000000.0,4,False,True,False,us-gaap:BalanceSheetLocationAxis,us-gaap_DerivativeFinancialInstrumentsLiabilitiesMember,Derivative instruments,us-gaap:BalanceSheetLocationAxis: Derivative instruments,credit,1.0,1.0,us-gaap_LiabilitiesCurrent,us-gaap_LiabilitiesCurrentAbstract
103,us-gaap_OtherLiabilitiesCurrent,Incentives collected in advance,,1000000.0,3000000.0,4,False,True,False,us-gaap:BalanceSheetLocationAxis,meli_IncentivesCollectiveInAdvancesMember,Incentives collected in advance,us-gaap:BalanceSheetLocationAxis: Incentives collected in advance,credit,1.0,1.0,us-gaap_LiabilitiesCurrent,us-gaap_LiabilitiesCurrentAbstract
104,us-gaap_OtherLiabilitiesCurrent,Other current liabilities,,19000000.0,11000000.0,4,False,True,False,us-gaap:BalanceSheetLocationAxis,us-gaap_OtherCurrentLiabilitiesMember,Other current liabilities,us-gaap:BalanceSheetLocationAxis: Other current liabilities,credit,1.0,1.0,us-gaap_LiabilitiesCurrent,us-gaap_LiabilitiesCurrentAbstract
105,us-gaap_LiabilitiesCurrent,Total current liabilities,CurrentLiabilitiesTotal,8562000000.0,5837000000.0,4,False,False,False,,,,,credit,1.0,1.0,us-gaap_Liabilities,us-gaap_LiabilitiesCurrentAbstract
106,us-gaap_LiabilitiesCurrent,Trust Created In Brazil,,540000000.0,78000000.0,4,False,True,True,dei:LegalEntityAxis,meli_TrustCreatedInBrazilMember,Trust Created In Brazil,dei:LegalEntityAxis: Trust Created In Brazil,credit,1.0,1.0,us-gaap_Liabilities,us-gaap_LiabilitiesCurrentAbstract
107,us-gaap_LiabilitiesNoncurrentAbstract,Non-current liabilities:,,,,2,True,False,False,,,,,,,,,us-gaap_LiabilitiesAndStockholdersEquityAbstract
108,meli_AmountsPayableDueToCreditAndDebitCardTransactionsNonCurrent,Amounts payable due to credit and debit card transactions,,5000000.0,4000000.0,3,False,False,False,,,,,credit,1.0,1.0,us-gaap_LiabilitiesNoncurrent,us-gaap_LiabilitiesNoncurrentAbstract
109,us-gaap_LongTermLoansPayable,Loans payable and other financial liabilities,LongTermDebt,2627000000.0,2233000000.0,3,False,False,False,,,,,,1.0,1.0,us-gaap_LiabilitiesNoncurrent,us-gaap_LiabilitiesNoncurrentAbstract
110,us-gaap_LongTermLoansPayable,Trust Created In Brazil,,703000000.0,674000000.0,4,False,True,True,dei:LegalEntityAxis,meli_TrustCreatedInBrazilMember,Trust Created In Brazil,dei:LegalEntityAxis: Trust Created In Brazil,,1.0,1.0,us-gaap_LiabilitiesNoncurrent,us-gaap_LiabilitiesNoncurrentAbstract
111,us-gaap_OperatingLeaseLiabilityNoncurrent,Operating lease liabilities,OperatingLeaseNonCurrentDebtEquivalent,514000000.0,372000000.0,3,False,False,False,,,,,,1.0,1.0,us-gaap_LiabilitiesNoncurrent,us-gaap_LiabilitiesNoncurrentAbstract
112,us-gaap_DeferredIncomeTaxLiabilitiesNet,Deferred tax liabilities,DeferredTaxNonCurrentLiabilities,106000000.0,62000000.0,3,False,False,False,,,,,,1.0,1.0,us-gaap_LiabilitiesNoncurrent,us-gaap_LiabilitiesNoncurrentAbstract
113,us-gaap_OtherLiabilitiesNoncurrent,Other liabilities,OtherNonOperatingNonCurrentLiabilities,95000000.0,62000000.0,3,False,False,False,,,,,credit,1.0,1.0,us-gaap_LiabilitiesNoncurrent,us-gaap_LiabilitiesNoncurrentAbstract
114,us-gaap_OtherLiabilitiesNoncurrent,Provisions and contingencies,,53000000.0,13000000.0,4,False,True,False,us-gaap:BalanceSheetLocationAxis,meli_ProvisionsAndContingenciesMember,Provisions and contingencies,us-gaap:BalanceSheetLocationAxis: Provisions and contingencies,credit,1.0,1.0,us-gaap_LiabilitiesNoncurrent,us-gaap_LiabilitiesNoncurrentAbstract
115,us-gaap_OtherLiabilitiesNoncurrent,Contingent considerations and escrows from acquisitions,,7000000.0,12000000.0,4,False,True,False,us-gaap:BalanceSheetLocationAxis,meli_ContingentConsiderationsAndEscrowsFromAcquisitionsMember,Contingent considerations and escrows from acquisitions,us-gaap:BalanceSheetLocationAxis: Contingent considerations and escrows from acquisitions,credit,1.0,1.0,us-gaap_LiabilitiesNoncurrent,us-gaap_LiabilitiesNoncurrentAbstract
116,us-gaap_OtherLiabilitiesNoncurrent,Joint venture,,3000000.0,3000000.0,4,False,True,False,us-gaap:BalanceSheetLocationAxis,meli_JointVentureMember,Joint venture,us-gaap:BalanceSheetLocationAxis: Joint venture,credit,1.0,1.0,us-gaap_LiabilitiesNoncurrent,us-gaap_LiabilitiesNoncurrentAbstract
117,us-gaap_OtherLiabilitiesNoncurrent,Incentives collected in advance,,13000000.0,11000000.0,4,False,True,False,us-gaap:BalanceSheetLocationAxis,meli_IncentivesCollectiveInAdvancesMember,Incentives collected in advance,us-gaap:BalanceSheetLocationAxis: Incentives collected in advance,credit,1.0,1.0,us-gaap_LiabilitiesNoncurrent,us-gaap_LiabilitiesNoncurrentAbstract
118,us-gaap_OtherLiabilitiesNoncurrent,Derivative instruments,,7000000.0,0.0,4,False,True,False,us-gaap:BalanceSheetLocationAxis,us-gaap_DerivativeFinancialInstrumentsLiabilitiesMember,Derivative instruments,us-gaap:BalanceSheetLocationAxis: Derivative instruments,credit,1.0,1.0,us-gaap_LiabilitiesNoncurrent,us-gaap_LiabilitiesNoncurrentAbstract
119,us-gaap_OtherLiabilitiesNoncurrent,Salaries and social security payable,,6000000.0,20000000.0,4,False,True,False,us-gaap:BalanceSheetLocationAxis,meli_SalariesAndSocialSecurityPayableMember,Salaries and social security payable,us-gaap:BalanceSheetLocationAxis: Salaries and social security payable,credit,1.0,1.0,us-gaap_LiabilitiesNoncurrent,us-gaap_LiabilitiesNoncurrentAbstract
120,us-gaap_OtherLiabilitiesNoncurrent,Other non-current liabilities,,6000000.0,3000000.0,4,False,True,False,us-gaap:BalanceSheetLocationAxis,us-gaap_OtherNoncurrentLiabilitiesMember,Other non-current liabilities,us-gaap:BalanceSheetLocationAxis: Other non-current liabilities,credit,1.0,1.0,us-gaap_LiabilitiesNoncurrent,us-gaap_LiabilitiesNoncurrentAbstract
121,us-gaap_LiabilitiesNoncurrent,Total non-current liabilities,NonCurrentLiabilitiesTotal,3347000000.0,2733000000.0,4,False,False,False,,,,,credit,1.0,1.0,us-gaap_Liabilities,us-gaap_LiabilitiesNoncurrentAbstract
122,us-gaap_LiabilitiesNoncurrent,Trust Created In Brazil,,703000000.0,674000000.0,4,False,True,True,dei:LegalEntityAxis,meli_TrustCreatedInBrazilMember,Trust Created In Brazil,dei:LegalEntityAxis: Trust Created In Brazil,credit,1.0,1.0,us-gaap_Liabilities,us-gaap_LiabilitiesNoncurrentAbstract
123,us-gaap_Liabilities,Total liabilities,Liabilities,11909000000.0,8570000000.0,3,False,False,False,,,,,credit,1.0,1.0,us-gaap_LiabilitiesAndStockholdersEquity,us-gaap_LiabilitiesAndStockholdersEquityAbstract
124,us-gaap_Liabilities,Argentinean Subsidiaries,,2419000000.0,1874000000.0,3,False,True,True,srt:ConsolidatedEntitiesAxis,meli_ArgentineanSubsidiariesMember,Argentinean Subsidiaries,srt:ConsolidatedEntitiesAxis: Argentinean Subsidiaries,credit,1.0,1.0,us-gaap_LiabilitiesAndStockholdersEquity,us-gaap_LiabilitiesAndStockholdersEquityAbstract
125,us-gaap_Liabilities,Trust Created In Brazil,,1243000000.0,752000000.0,3,False,True,True,dei:LegalEntityAxis,meli_TrustCreatedInBrazilMember,Trust Created In Brazil,dei:LegalEntityAxis: Trust Created In Brazil,credit,1.0,1.0,us-gaap_LiabilitiesAndStockholdersEquity,us-gaap_LiabilitiesAndStockholdersEquityAbstract
126,us-gaap_CommitmentsAndContingencies,Commitments and contingencies (Note 15),,,,3,False,False,False,,,,,,1.0,1.0,us-gaap_LiabilitiesAndStockholdersEquity,us-gaap_LiabilitiesAndStockholdersEquityAbstract
127,us-gaap_StockholdersEquityAbstract,Equity,,,,2,True,False,False,,,,,,,,,us-gaap_LiabilitiesAndStockholdersEquityAbstract
128,us-gaap_CommonStockValue,"Common stock, 0.001 par value, 110,000,000 shares authorized, 50,257,751 and 50,418,980 shares issued and outstanding",CommonEquity,0.0,0.0,3,False,False,False,,,,,credit,1.0,1.0,us-gaap_StockholdersEquity,us-gaap_StockholdersEquityAbstract
129,us-gaap_AdditionalPaidInCapital,Additional paid-in capital,AdditionalPaidInCapital,2309000000.0,2439000000.0,3,False,False,False,,,,,credit,1.0,1.0,us-gaap_StockholdersEquity,us-gaap_StockholdersEquityAbstract
130,us-gaap_TreasuryStockValue,Treasury stock,TreasuryShares,-931000000.0,-790000000.0,3,False,False,False,,,,,debit,-1.0,-1.0,us-gaap_StockholdersEquity,us-gaap_StockholdersEquityAbstract
131,us-gaap_RetainedEarningsAccumulatedDeficit,Retained earnings,RetainedEarnings,913000000.0,397000000.0,3,False,False,False,,,,,credit,1.0,1.0,us-gaap_StockholdersEquity,us-gaap_StockholdersEquityAbstract
132,us-gaap_AccumulatedOtherComprehensiveIncomeLossNetOfTax,Accumulated other comprehensive loss,AccumulatedOtherComprehensiveIncome,-464000000.0,-515000000.0,3,False,False,False,,,,,credit,1.0,1.0,us-gaap_StockholdersEquity,us-gaap_StockholdersEquityAbstract
133,us-gaap_StockholdersEquity,Total Equity,AllEquityBalance,1827000000.0,1531000000.0,3,False,False,False,,,,,credit,1.0,1.0,us-gaap_LiabilitiesAndStockholdersEquity,us-gaap_StockholdersEquityAbstract
134,us-gaap_StockholdersEquity,Common stock,,0.0,0.0,4,False,True,True,us-gaap:StatementEquityComponentsAxis,us-gaap_CommonStockMember,Common stock,us-gaap:StatementEquityComponentsAxis: Common stock,credit,1.0,1.0,us-gaap_LiabilitiesAndStockholdersEquity,us-gaap_StockholdersEquityAbstract
135,us-gaap_StockholdersEquity,Additional paid-in capital,,2309000000.0,2439000000.0,4,False,True,True,us-gaap:StatementEquityComponentsAxis,us-gaap_AdditionalPaidInCapitalMember,Additional paid-in capital,us-gaap:StatementEquityComponentsAxis: Additional paid-in capital,credit,1.0,1.0,us-gaap_LiabilitiesAndStockholdersEquity,us-gaap_StockholdersEquityAbstract
136,us-gaap_StockholdersEquity,Treasury Stock,,-931000000.0,-790000000.0,4,False,True,True,us-gaap:StatementEquityComponentsAxis,us-gaap_TreasuryStockMember,Treasury Stock,us-gaap:StatementEquityComponentsAxis: Treasury Stock,credit,1.0,1.0,us-gaap_LiabilitiesAndStockholdersEquity,us-gaap_StockholdersEquityAbstract
137,us-gaap_StockholdersEquity,Retained Earnings,,913000000.0,397000000.0,4,False,True,True,us-gaap:StatementEquityComponentsAxis,us-gaap_RetainedEarningsMember,Retained Earnings,us-gaap:StatementEquityComponentsAxis: Retained Earnings,credit,1.0,1.0,us-gaap_LiabilitiesAndStockholdersEquity,us-gaap_StockholdersEquityAbstract
138,us-gaap_StockholdersEquity,Adoption of ASC 326 - Retained Earnings,,,34000000.0,4,False,True,True,srt:CumulativeEffectPeriodOfAdoptionAxis,srt_CumulativeEffectPeriodOfAdoptionAdjustmentMember,Adoption of ASC 326,"srt:CumulativeEffectPeriodOfAdoptionAxis: Adoption of ASC 326, us-gaap:StatementEquityComponentsAxis: Retained Earnings",credit,1.0,1.0,us-gaap_LiabilitiesAndStockholdersEquity,us-gaap_StockholdersEquityAbstract
139,us-gaap_StockholdersEquity,Adoption of ASC 326,,,-97000000.0,4,False,True,True,srt:CumulativeEffectPeriodOfAdoptionAxis,srt_CumulativeEffectPeriodOfAdoptionAdjustmentMember,Adoption of ASC 326,srt:CumulativeEffectPeriodOfAdoptionAxis: Adoption of ASC 326,credit,1.0,1.0,us-gaap_LiabilitiesAndStockholdersEquity,us-gaap_StockholdersEquityAbstract
140,us-gaap_StockholdersEquity,"Cumulative Effect, Period of Adoption, Adjusted Balance - Common stock",,,0.0,4,False,True,True,srt:CumulativeEffectPeriodOfAdoptionAxis,srt_CumulativeEffectPeriodOfAdoptionAdjustedBalanceMember,"Cumulative Effect, Period of Adoption, Adjusted Balance","srt:CumulativeEffectPeriodOfAdoptionAxis: Cumulative Effect, Period of Adoption, Adjusted Balance, us-gaap:StatementEquityComponentsAxis: Common stock",credit,1.0,1.0,us-gaap_LiabilitiesAndStockholdersEquity,us-gaap_StockholdersEquityAbstract
141,us-gaap_StockholdersEquity,"Cumulative Effect, Period of Adoption, Adjusted Balance - Additional paid-in capital",,,2308000000.0,4,False,True,True,srt:CumulativeEffectPeriodOfAdoptionAxis,srt_CumulativeEffectPeriodOfAdoptionAdjustedBalanceMember,"Cumulative Effect, Period of Adoption, Adjusted Balance","srt:CumulativeEffectPeriodOfAdoptionAxis: Cumulative Effect, Period of Adoption, Adjusted Balance, us-gaap:StatementEquityComponentsAxis: Additional paid-in capital",credit,1.0,1.0,us-gaap_LiabilitiesAndStockholdersEquity,us-gaap_StockholdersEquityAbstract
142,us-gaap_StockholdersEquity,"Cumulative Effect, Period of Adoption, Adjusted Balance - Treasury Stock",,,-790000000.0,4,False,True,True,srt:CumulativeEffectPeriodOfAdoptionAxis,srt_CumulativeEffectPeriodOfAdoptionAdjustedBalanceMember,"Cumulative Effect, Period of Adoption, Adjusted Balance","srt:CumulativeEffectPeriodOfAdoptionAxis: Cumulative Effect, Period of Adoption, Adjusted Balance, us-gaap:StatementEquityComponentsAxis: Treasury Stock",credit,1.0,1.0,us-gaap_LiabilitiesAndStockholdersEquity,us-gaap_StockholdersEquityAbstract
143,us-gaap_StockholdersEquity,"Cumulative Effect, Period of Adoption, Adjusted Balance - Retained Earnings",,,431000000.0,4,False,True,True,srt:CumulativeEffectPeriodOfAdoptionAxis,srt_CumulativeEffectPeriodOfAdoptionAdjustedBalanceMember,"Cumulative Effect, Period of Adoption, Adjusted Balance","srt:CumulativeEffectPeriodOfAdoptionAxis: Cumulative Effect, Period of Adoption, Adjusted Balance, us-gaap:StatementEquityComponentsAxis: Retained Earnings",credit,1.0,1.0,us-gaap_LiabilitiesAndStockholdersEquity,us-gaap_StockholdersEquityAbstract
144,us-gaap_StockholdersEquity,"Cumulative Effect, Period of Adoption, Adjusted Balance - Accumulated other comprehensive loss",,,-515000000.0,4,False,True,True,srt:CumulativeEffectPeriodOfAdoptionAxis,srt_CumulativeEffectPeriodOfAdoptionAdjustedBalanceMember,"Cumulative Effect, Period of Adoption, Adjusted Balance","srt:CumulativeEffectPeriodOfAdoptionAxis: Cumulative Effect, Period of Adoption, Adjusted Balance, us-gaap:StatementEquityComponentsAxis: Accumulated other comprehensive loss",credit,1.0,1.0,us-gaap_LiabilitiesAndStockholdersEquity,us-gaap_StockholdersEquityAbstract
145,us-gaap_StockholdersEquity,"Cumulative Effect, Period of Adoption, Adjusted Balance",,,1434000000.0,4,False,True,True,srt:CumulativeEffectPeriodOfAdoptionAxis,srt_CumulativeEffectPeriodOfAdoptionAdjustedBalanceMember,"Cumulative Effect, Period of Adoption, Adjusted Balance","srt:CumulativeEffectPeriodOfAdoptionAxis: Cumulative Effect, Period of Adoption, Adjusted Balance",credit,1.0,1.0,us-gaap_LiabilitiesAndStockholdersEquity,us-gaap_StockholdersEquityAbstract
146,us-gaap_StockholdersEquity,Accumulated other comprehensive loss,,-464000000.0,-515000000.0,4,False,True,True,us-gaap:StatementEquityComponentsAxis,us-gaap_AccumulatedOtherComprehensiveIncomeMember,Accumulated other comprehensive loss,us-gaap:StatementEquityComponentsAxis: Accumulated other comprehensive loss,credit,1.0,1.0,us-gaap_LiabilitiesAndStockholdersEquity,us-gaap_StockholdersEquityAbstract
147,us-gaap_StockholdersEquity,Adoption of ASC 326 - Additional paid-in capital,,,-131000000.0,4,False,True,True,srt:CumulativeEffectPeriodOfAdoptionAxis,srt_CumulativeEffectPeriodOfAdoptionAdjustmentMember,Adoption of ASC 326,"srt:CumulativeEffectPeriodOfAdoptionAxis: Adoption of ASC 326, us-gaap:StatementEquityComponentsAxis: Additional paid-in capital",credit,1.0,1.0,us-gaap_LiabilitiesAndStockholdersEquity,us-gaap_StockholdersEquityAbstract
148,us-gaap_LiabilitiesAndStockholdersEquity,Total Liabilities and Equity,LiabilitiesAndEquity,13736000000.0,10101000000.0,2,False,False,False,,,,,credit,1.0,1.0,,us-gaap_LiabilitiesAndStockholdersEquityAbstract
